<?xml version="1.0" encoding="UTF-8"?>
<?xml-stylesheet type="text/xsl" href="configuration.xsl"?>
<!--
  Licensed under the Apache License, Version 2.0 (the "License");
  you may not use this file except in compliance with the License.
  You may obtain a copy of the License at

    http://www.apache.org/licenses/LICENSE-2.0

  Unless required by applicable law or agreed to in writing, software
  distributed under the License is distributed on an "AS IS" BASIS,
  WITHOUT WARRANTIES OR CONDITIONS OF ANY KIND, either express or implied.
  See the License for the specific language governing permissions and
  limitations under the License. See accompanying LICENSE file.
-->

<!-- Put site-specific property overrides in this file. -->

<configuration>
    <!-- 指定FS地址 -->
    <property>
        <name>fs.defaultFS</name>
        <value>hdfs://hadoop1:8020</value>
    </property>
    <!-- 指定hadoop数据的存储目录 -->
    <property>
        <name>hadoop.tmp.dir</name>
        <value>/opt/module/hadoop-3.1.3/data</value>
    </property>

    <!-- 配置HDFS网页登录使用的静态用户为atguigu -->
    <property>
        <name>hadoop.http.staticuser.user</name>
        <value>atguigu</value>
    </property>

    <!-- 配置该atguigu(superUser)允许通过代理访问的主机节点 -->
    <property>
        <name>hadoop.proxyuser.atguigu.hosts</name>
        <value>*</value>
    </property>
    <!-- 配置该atguigu(superUser)允许通过代理用户所属组 -->
    <property>
        <name>hadoop.proxyuser.atguigu.groups</name>
        <value>*</value>
    </property>
    <!-- 配置该atguigu(superUser)允许通过代理的用户-->
    <property>
        <name>hadoop.proxyuser.atguigu.groups</name>
        <value>*</value>
    </property>

    <!-- 配置支持lzo压缩-->
    <property>
        <name>io.compression.codecs</name>
        <value>
            org.apache.hadoop.io.compress.GzipCodec,
            org.apache.hadoop.io.compress.DefaultCodec,
            org.apache.hadoop.io.compress.BZip2Codec,
            org.apache.hadoop.io.compress.SnappyCodec
            <!--com.hadoop.compression.lzo.LzoCodec,-->
            <!--com.hadoop.compression.lzo.LzopCodec-->
        </value>
    </property>

    <property>
        <name>io.compression.codec.lzo.class</name>
        <value>com.hadoop.compression.lzo.LzoCodec</value>
    </property>

    <property>        
        <name>hadoop.http.authentication.type</name>        
        <value>simple</value>   
    </property>   

    <property>    
        <name>hadoop.security.authorization</name>
        <value>false</value>  
    </property>
</configuration>
