<?xml version="1.0"?>
<?xml-stylesheet type="text/xsl" href="configuration.xsl"?>
<configuration>
    <!-- jdbc连接的URL -->
    <property>
        <name>javax.jdo.option.ConnectionURL</name>
        <value>jdbc:mysql://hadoop1:3306/metastore?useSSL=false</value>
</property>

    <!-- jdbc连接的Driver-->
    <property>
        <name>javax.jdo.option.ConnectionDriverName</name>
        <value>com.mysql.jdbc.Driver</value>
</property>

	<!-- jdbc连接的username-->
    <property>
        <name>javax.jdo.option.ConnectionUserName</name>
        <value>root</value>
    </property>

    <!-- jdbc连接的password -->
    <property>
        <name>javax.jdo.option.ConnectionPassword</name>
        <value>000000</value>
</property>

    <!-- Hive元数据存储版本的验证 -->
    <property>
        <name>hive.metastore.schema.verification</name>
        <value>false</value>
</property>

    <!--元数据存储授权-->
    <property>
        <name>hive.metastore.event.db.notification.api.auth</name>
        <value>false</value>
    </property>

    <!-- Hive默认在HDFS的工作目录 -->
    <property>
        <name>hive.metastore.warehouse.dir</name>
        <value>/user/hive/warehouse</value>
    </property>
    
    <property>
        <name>hive.cli.print.header</name>
        <value>true</value>
    </property>

    <property>
        <name>hive.cli.print.current.db</name>
        <value>true</value>
    </property>

<property>
    <name>hive.execution.engine</name>
    <value>tez</value>
</property>
<property>
    <name>hive.tez.container.size</name>
    <value>1024</value>
</property>
    
    
    
    
    <!-- 指定存储元数据要连接的地址 -->
     <property>
        <name>hive.metastore.uris</name>
        <value>thrift://hadoop1:9083</value>
    </property>
    
    <!-- 指定hiveserver2连接的host -->
     <property>
        <name>hive.server2.thrift.bind.host</name>
        <value>hadoop1</value>
    </property>

    <!-- 指定hiveserver2连接的端口号 -->
     <property>
        <name>hive.server2.thrift.port</name>
        <value>10000</value>
    </property>

    
</configuration>

